Vendor ID*,Vendor Name*,Annual Spend*,Annual Invoice Count*,Annual PO Count,Annual Payment Count,Payment Term*,Payment Term Description*,Annual Discount Capture*,Currency*,Actual Payment Day Avg,Avg Invoice Approval Days*,Method of Payment,Email Address*,Physical Address,City,State,Zip/Postal,Country*,Phone #,Fax #,Industry*,Enrolled,Annual Revenue
27526,GOVERNMENT & INDUSTRIAL SUPPLY INC,151735,255,218,14,NT66,NET 66,,USD,65.71,0.33,ACH,Test@supplier.com,100 Pine Street,San Francisco,CA,94111,US,415-555-5555,415-555-5555,,1,610000
13009410,MOORE LANDSCAPES INC,402183,251,206,178,NT0,NET 0,,USD,134,0,ACH,Test@supplier.com,101 Pine Street,San Francisco,CA,94112,US,415-555-5555,415-555-5555,,1,6303365
294296,ONE SOURCE EQUIP RENTALS LLC,40358,26,24,5,NT0,NET 0,,USD,38.25,0,ACH,Test@supplier.com,102 Pine Street,San Francisco,CA,94113,US,415-555-5555,415-555-5555,,1,25946616
1042536,?? ??,1668,2,0,0,NT0,NET 0,,USD,0,0,ACH,Test@supplier.com,103 Pine Street,San Francisco,CA,94114,US,415-555-5555,415-555-5555,,0,
1068997,AERO COMPRESSOR,28121,7,1,0,NT0,NET 0,,USD,27,0,ACH,Test@supplier.com,104 Pine Street,San Francisco,CA,94115,US,415-555-5555,415-555-5555,,1,9564034
1000000079632_SCS,THE TRIANGLE CLUB INC,0,,0,0,NT0,NET 0,,USD,,,ACH,Test@supplier.com,105 Pine Street,San Francisco,CA,94116,US,415-555-5555,415-555-5555,,0,
71412538,THE NASDAQ OMX GROUP INC,68283,6,3,2,NT0,NET 0,,USD,58,0,ACH,Test@supplier.com,106 Pine Street,San Francisco,CA,94117,US,415-555-5555,415-555-5555,,1,3403000000
1034148,CCIS LTD,274,1,0,0,NT0,NET 0,,USD,0,0,ACH,Test@supplier.com,107 Pine Street,San Francisco,CA,94118,US,415-555-5555,415-555-5555,,1,
1122559,CONSOLIDATED EDISON SOLUTIONS INC,688294,10,9,9,NT3,NET 3,,USD,6,0,ACH,Test@supplier.com,108 Pine Street,San Francisco,CA,94119,US,415-555-5555,415-555-5555,,0,
300085426,LANDMARK TWO LLC,39261,12,8,1,NT1,NET 1,,USD,1,0,ACH,Test@supplier.com,109 Pine Street,San Francisco,CA,94120,US,415-555-5555,415-555-5555,,0,
1262046,CENTRAL FLORIDA SOCIETY OF,500,1,1,0,NT0,NET 0,,USD,0,0,ACH,Test@supplier.com,110 Pine Street,San Francisco,CA,94121,US,415-555-5555,415-555-5555,,0,
1063491,???-10190616,81,1,1,1,NT0,NET 0,,USD,0,0,ACH,Test@supplier.com,111 Pine Street,San Francisco,CA,94122,US,415-555-5555,415-555-5555,,0,
1181,COPE PLASTICS INC,53543,42,36,18,NT34,NET 34,,USD,34,8,ACH,Test@supplier.com,112 Pine Street,San Francisco,CA,94123,US,415-555-5555,415-555-5555,,0,0
1115822,???-11160475,314,2,0,0,NT0,NET 0,,USD,0,0,ACH,Test@supplier.com,113 Pine Street,San Francisco,CA,94124,US,415-555-5555,415-555-5555,,0,
210051487,EAGLEBURGMANN KE INCORPORATED DBA EAGLEBURGMANN EJS,1370,1,0,0,NT0,NET 0,,USD,0,0,ACH,Test@supplier.com,114 Pine Street,San Francisco,CA,94125,US,415-555-5555,415-555-5555,,0,
1244047,????,82,1,0,0,NT0,NET 0,,USD,0,0,ACH,Test@supplier.com,115 Pine Street,San Francisco,CA,94126,US,415-555-5555,415-555-5555,,0,
1262044,M.BANAI,246,1,0,0,NT48,NET 48,,USD,0,50,ACH,Test@supplier.com,116 Pine Street,San Francisco,CA,94127,US,415-555-5555,415-555-5555,,0,
2000093895,WESTERN DIGITAL TECHNOLOGIES INC,948150,6,0,0,NT0,NET 0,,USD,0,0,ACH,Test@supplier.com,117 Pine Street,San Francisco,CA,94128,US,415-555-5555,415-555-5555,,0,6436956591
33003322,TCI Europe NV,93,1,0,0,NT0,NET 0,,USD,0,0,ACH,Test@supplier.com,118 Pine Street,San Francisco,CA,94129,US,415-555-5555,415-555-5555,,0,10739302
1030172,ELSCOLAB NV,95246,32,22,19,NT67,NET 67,,USD,0,8.75,ACH,Test@supplier.com,119 Pine Street,San Francisco,CA,94130,US,415-555-5555,415-555-5555,,1,11556504
717159,??-11181319,1106,7,3,2,NT0,NET 0,,USD,0,0,ACH,Test@supplier.com,120 Pine Street,San Francisco,CA,94131,US,415-555-5555,415-555-5555,,0,
1183509,??-10206910,306,2,0,0,NT0,NET 0,,USD,0,0,ACH,Test@supplier.com,121 Pine Street,San Francisco,CA,94132,US,415-555-5555,415-555-5555,,0,
30005284,FAIRFIELD COUNTY RECORDER,32,1,1,0,NT0,NET 0,,USD,0,0,ACH,Test@supplier.com,122 Pine Street,San Francisco,CA,94133,US,415-555-5555,415-555-5555,,0,0
40000266,EVOLUTION PAINTING INC,1405,1,0,0,NT0,NET 0,,USD,0,0,ACH,Test@supplier.com,123 Pine Street,San Francisco,CA,94134,US,415-555-5555,415-555-5555,,0,
1191553,AGC HEAT TRANSFER INC,18294,6,4,4,NT0,NET 0,,USD,0,0,ACH,Test@supplier.com,124 Pine Street,San Francisco,CA,94135,US,415-555-5555,415-555-5555,,1,
2000551664,LETCO DISTRIBUTORS INC,31684,5,5,3,NT0,NET 0,,USD,0,0,ACH,Test@supplier.com,125 Pine Street,San Francisco,CA,94136,US,415-555-5555,415-555-5555,,1,590000
1244267,SASCHA HELLWEG,41,1,1,1,NT0,NET 0,,USD,0,0,ACH,Test@supplier.com,126 Pine Street,San Francisco,CA,94137,US,415-555-5555,415-555-5555,,0,297620
1179712,ANTONIO LAZO,1182,2,1,1,NT0,NET 0,,USD,0,0,ACH,Test@supplier.com,127 Pine Street,San Francisco,CA,94138,US,415-555-5555,415-555-5555,,0,
1001080,??-03050015,2874,20,12,6,NT0,NET 0,,USD,2,0,ACH,Test@supplier.com,128 Pine Street,San Francisco,CA,94139,US,415-555-5555,415-555-5555,,0,
2000550331,DEVELOPMENT DIMENSIONS INTL,68302,10,2,1,NT0,NET 0,,USD,0,2,ACH,Test@supplier.com,129 Pine Street,San Francisco,CA,94140,US,415-555-5555,415-555-5555,,1,0